UserID,Username,Email,Phone,Password,IsActive,UserProfileID,Address,Experience
1,mark20,mark20264@gmail.com,+60-13-6014-0566,password_1,False,1,,
2,jeffrey86,jeffrey86219@outlook.com,+44-71242-414311,password_2,True,2,,8
3,wadecolleen,wadecolleen728@hotmail.com,+91-93675-14249,password_3,False,3,"1031 Calhoun Lane Apt. 570 Antoniobury, NC 41488",
4,agraham,agraham668@outlook.com,+1-310-228-4579,password_4,True,4,,
5,tony74,tony7497@hotmail.com,+1-897-776-2249,password_5,False,1,,
6,griffineileen,griffineileen972@yahoo.com,+1-688-882-5942,password_6,True,2,,1
7,lewisjustin,lewisjustin384@hotmail.com,+44-79884-241225,password_7,False,3,"6689 Derek Stream Suite 392 New Tracey, DE 09408",
8,reesejohn,reesejohn195@gmail.com,+91-91631-71645,password_8,False,4,,
9,roger62,roger62668@icloud.com,+60-14-8064-3479,password_9,True,1,,
10,holson,holson857@yahoo.com,+49-166-680616,password_10,True,2,,5
11,charleskim,charleskim707@gmail.com,+91-91520-50703,password_11,True,3,"491 Kayla Tunnel Apt. 549 Kristenchester, AK 41441",
12,gloriabell,gloriabell580@outlook.com,+1-779-109-3589,password_12,False,4,,
13,joseph10,joseph10280@yahoo.com,+49-179-132144,password_13,False,1,,
14,millerdaniel,millerdaniel672@outlook.com,+49-155-703164,password_14,True,2,,1
15,patrickpatterson,patrickpatterson272@hotmail.com,+60-17-4192-1149,password_15,True,3,"474 Miller Views Suite 451 Morganfurt, IN 81996",
16,nicholas68,nicholas68643@outlook.com,+91-99218-49563,password_16,False,4,,
17,cjones,cjones961@hotmail.com,+49-161-005385,password_17,True,1,,
18,youngbryan,youngbryan716@hotmail.com,+1-989-946-5356,password_18,False,2,,5
19,jane40,jane40559@outlook.com,+91-96610-76759,password_19,True,3,"24056 Gary Run Apt. 536 Christopherville, GU 47912",
20,uhanson,uhanson6@icloud.com,+91-96887-22817,password_20,False,4,,
21,bradforddavid,bradforddavid300@icloud.com,+60-13-6214-5556,password_21,False,1,,
22,rmyers,rmyers487@gmail.com,+44-71736-456784,password_22,False,2,,1
23,denisecarter,denisecarter809@hotmail.com,+1-131-656-9933,password_23,False,3,USCGC Terry FPO AA 94936,
24,oshea,oshea358@outlook.com,+1-427-145-3168,password_24,False,4,,
25,teresa32,teresa32190@outlook.com,+60-14-0414-7423,password_25,False,1,,
26,crystalroy,crystalroy975@icloud.com,+1-578-352-2542,password_26,False,2,,3
27,andreawoodard,andreawoodard656@outlook.com,+44-75493-894543,password_27,True,3,USCGC Mendoza FPO AP 64481,
28,olynch,olynch426@yahoo.com,+44-71937-053325,password_28,False,4,,
29,martinezamber,martinezamber308@gmail.com,+60-18-3720-5637,password_29,True,1,,
30,jennifermccoy,jennifermccoy493@outlook.com,+49-138-453680,password_30,True,2,,10
31,carlmorris,carlmorris543@yahoo.com,+1-259-738-9071,password_31,True,3,"395 Moore Burgs Justinborough, MD 88314",
32,boyerderek,boyerderek800@hotmail.com,+44-78237-240999,password_32,True,4,,
33,michaelsalas,michaelsalas378@yahoo.com,+60-19-1991-7217,password_33,True,1,,
34,vanessaallen,vanessaallen56@outlook.com,+91-98741-52428,password_34,False,2,,10
35,gmiller,gmiller579@outlook.com,+44-71921-052167,password_35,False,3,"041 Phillips Center Suite 147 New Jasonfort, WA 29986",
36,wdecker,wdecker319@outlook.com,+60-13-7659-1778,password_36,False,4,,
37,carpenterbryan,carpenterbryan89@icloud.com,+60-17-0245-8105,password_37,True,1,,
38,ygraham,ygraham532@gmail.com,+44-77574-290714,password_38,False,2,,8
39,ecline,ecline732@outlook.com,+44-75707-613233,password_39,True,3,"47500 Melissa Gardens Suite 876 Carolinechester, SD 10170",
40,xwatson,xwatson672@outlook.com,+49-144-515057,password_40,True,4,,
41,rbryan,rbryan744@outlook.com,+1-218-839-3266,password_41,False,1,,
42,sjordan,sjordan146@hotmail.com,+44-72826-531370,password_42,True,2,,7
43,robertcampbell,robertcampbell160@hotmail.com,+91-96014-58210,password_43,True,3,"5599 Margaret Plains Apt. 990 North Dawnmouth, AL 60020",
44,justinfranklin,justinfranklin631@outlook.com,+1-504-533-4636,password_44,True,4,,
45,gregory74,gregory74132@hotmail.com,+91-98152-05767,password_45,True,1,,
46,changjesse,changjesse961@outlook.com,+60-12-1391-5171,password_46,True,2,,10
47,xday,xday755@gmail.com,+49-155-495406,password_47,True,3,"9388 Randall Road Suite 914 Annetteburgh, MP 98522",
48,hmalone,hmalone380@gmail.com,+1-637-881-7225,password_48,True,4,,
49,kcrane,kcrane274@icloud.com,+1-822-963-5384,password_49,True,1,,
50,melaniesalazar,melaniesalazar294@icloud.com,+49-174-124568,password_50,True,2,,6
51,kroberson,kroberson580@icloud.com,+49-111-283982,password_51,False,3,Unit 3692 Box 9588 DPO AP 90834,
52,jacquelineclayton,jacquelineclayton6@icloud.com,+1-978-216-0606,password_52,True,4,,
53,jgentry,jgentry71@icloud.com,+49-178-377830,password_53,True,1,,
54,smithsara,smithsara199@yahoo.com,+44-77821-235229,password_54,True,2,,6
55,bethany75,bethany75309@icloud.com,+1-608-574-4278,password_55,False,3,"7514 Wilcox Corners Apt. 316 South Angela, ME 42756",
56,jared93,jared93349@gmail.com,+44-70234-547445,password_56,False,4,,
57,ttownsend,ttownsend404@hotmail.com,+91-97240-99009,password_57,True,1,,
58,krystalleon,krystalleon731@icloud.com,+49-195-912047,password_58,False,2,,8
59,bberry,bberry499@icloud.com,+49-186-412562,password_59,True,3,"2923 Susan Skyway Port Amy, AK 91437",
60,nicholas97,nicholas97802@yahoo.com,+49-191-020771,password_60,True,4,,
61,lauren99,lauren99192@hotmail.com,+49-156-398485,password_61,False,1,,
62,smithjo,smithjo623@outlook.com,+1-255-351-3105,password_62,False,2,,9
63,margaret54,margaret54960@gmail.com,+60-19-4103-7664,password_63,True,3,"6621 Ashley Park North Seanborough, GA 59281",
64,williamsdevin,williamsdevin442@outlook.com,+44-71624-052257,password_64,False,4,,
65,gmartin,gmartin186@yahoo.com,+60-14-5104-5821,password_65,True,1,,
66,comptontimothy,comptontimothy266@yahoo.com,+91-90906-47111,password_66,False,2,,4
67,raymondhoward,raymondhoward159@icloud.com,+44-79130-560260,password_67,True,3,"6183 Brandon Stravenue Apt. 829 West Williamfurt, CA 40710",
68,dominguezlisa,dominguezlisa799@gmail.com,+49-161-518765,password_68,True,4,,
69,pwest,pwest445@hotmail.com,+49-155-135333,password_69,True,1,,
70,martinkenneth,martinkenneth859@outlook.com,+91-96942-05543,password_70,True,2,,5
71,cameron70,cameron70410@hotmail.com,+1-223-144-7268,password_71,False,3,"027 Nguyen Avenue West Ryanview, ME 39169",
72,jwest,jwest207@icloud.com,+1-299-042-5052,password_72,False,4,,
73,msanchez,msanchez905@outlook.com,+44-74010-256156,password_73,True,1,,
74,katherinerichardson,katherinerichardson467@icloud.com,+1-433-545-4834,password_74,True,2,,10
75,annette73,annette73361@hotmail.com,+44-72460-937399,password_75,False,3,"345 Morales Square South Nancy, NJ 12308",
76,mossheidi,mossheidi404@icloud.com,+49-138-308411,password_76,False,4,,
77,greenemichael,greenemichael665@icloud.com,+44-74928-510337,password_77,False,1,,
78,dennisguerra,dennisguerra176@icloud.com,+91-94258-35661,password_78,True,2,,8
79,mikejohnson,mikejohnson406@yahoo.com,+44-71835-250693,password_79,True,3,"521 Crane Forges Alejandrastad, TN 88177",
80,dylanbenton,dylanbenton4@icloud.com,+49-106-845244,password_80,True,4,,
81,andrew68,andrew686@outlook.com,+49-176-290668,password_81,False,1,,
82,ologan,ologan23@yahoo.com,+1-937-746-0594,password_82,True,2,,5
83,jenkinsmichele,jenkinsmichele443@hotmail.com,+91-96214-30538,password_83,False,3,"137 Baker Circle Apt. 954 Danahaven, NH 67827",
84,lisa23,lisa23707@hotmail.com,+60-19-9993-6695,password_84,False,4,,
85,melissabender,melissabender518@hotmail.com,+49-172-845540,password_85,False,1,,
86,victoria97,victoria97448@gmail.com,+1-795-807-8708,password_86,True,2,,7
87,fishermark,fishermark250@icloud.com,+91-97044-35696,password_87,True,3,"51822 Clark Groves Joanberg, PA 03887",
88,xcortez,xcortez898@yahoo.com,+60-15-1791-1328,password_88,True,4,,
89,djones,djones16@icloud.com,+49-186-940226,password_89,False,1,,
90,qgillespie,qgillespie198@yahoo.com,+1-072-908-9942,password_90,True,2,,8
91,katherinemiller,katherinemiller123@yahoo.com,+49-140-936956,password_91,True,3,"040 Cassandra Forges Suite 941 New Maureenview, MO 24552",
92,wallkelly,wallkelly475@yahoo.com,+44-78719-226793,password_92,False,4,,
93,palmerandrew,palmerandrew840@yahoo.com,+60-14-2354-1808,password_93,False,1,,
94,lorettabest,lorettabest982@hotmail.com,+91-90867-24583,password_94,False,2,,8
95,barnettbrandon,barnettbrandon44@outlook.com,+49-193-679247,password_95,False,3,"430 Johnson Mountains Lake Andre, HI 84935",
96,ogrimes,ogrimes743@hotmail.com,+44-70268-045649,password_96,True,4,,
97,pdavidson,pdavidson682@yahoo.com,+44-77270-617611,password_97,True,1,,
98,schmidtjamie,schmidtjamie7@yahoo.com,+44-71391-682194,password_98,True,2,,4
99,alexsmith,alexsmith936@gmail.com,+49-123-172883,password_99,True,3,"9389 Miller Neck Apt. 409 Donnahaven, MN 57638",
100,paullee,paullee397@icloud.com,+44-72548-784974,password_100,True,4,,
101,deborahrush,deborahrush348@gmail.com,+60-10-7576-1352,password_101,False,1,,
102,nicholasmiller,nicholasmiller499@icloud.com,+60-13-5032-1882,password_102,False,2,,2
103,vincent29,vincent29440@hotmail.com,+44-75276-776750,password_103,True,3,"781 Steven Valleys Apt. 506 Davidside, NJ 42052",
104,arthur92,arthur92362@icloud.com,+44-75388-210637,password_104,False,4,,
105,ashley06,ashley06677@icloud.com,+44-79487-343976,password_105,True,1,,
106,adamgraham,adamgraham544@yahoo.com,+44-76056-854528,password_106,False,2,,3
107,pamelagarcia,pamelagarcia988@gmail.com,+44-79025-932336,password_107,True,3,"62514 Ann Neck Apt. 363 Smithshire, WA 95073",
108,adam81,adam81652@hotmail.com,+44-74198-414038,password_108,False,4,,
109,santosmichelle,santosmichelle474@outlook.com,+60-17-9604-0225,password_109,True,1,,
110,laurenlopez,laurenlopez341@icloud.com,+44-76117-487639,password_110,False,2,,10
111,blake42,blake4211@yahoo.com,+60-18-4256-5782,password_111,False,3,"0983 Benjamin Way Apt. 857 West Melissa, KS 71476",
112,gbrock,gbrock53@yahoo.com,+60-16-1802-7577,password_112,True,4,,
113,haleyfisher,haleyfisher653@yahoo.com,+1-240-757-2397,password_113,False,1,,
114,johntaylor,johntaylor252@gmail.com,+44-79280-265382,password_114,False,2,,9
115,petersangela,petersangela681@icloud.com,+49-120-590721,password_115,False,3,"26251 Hart Islands Suite 137 Paulton, MT 16162",
116,nelliott,nelliott95@icloud.com,+91-94650-94494,password_116,True,4,,
117,enorris,enorris571@outlook.com,+49-138-965706,password_117,True,1,,
118,riosthomas,riosthomas194@outlook.com,+49-134-381820,password_118,False,2,,6
119,gallegosdaniel,gallegosdaniel883@yahoo.com,+91-92444-77921,password_119,True,3,"850 Brown Locks Richardstad, OK 44055",
120,christopher03,christopher03343@icloud.com,+44-70272-854515,password_120,False,4,,
121,karen35,karen3530@gmail.com,+44-74965-843127,password_121,True,1,,
122,wallacemitchell,wallacemitchell214@hotmail.com,+44-70890-118200,password_122,False,2,,2
123,mwilkins,mwilkins242@outlook.com,+1-808-546-3702,password_123,False,3,"415 Wilkins Springs Bentleystad, LA 46321",
124,patrick35,patrick35992@gmail.com,+1-705-130-4681,password_124,False,4,,
125,martinezbrian,martinezbrian566@icloud.com,+60-11-7825-0362,password_125,True,1,,
126,danielgarner,danielgarner760@outlook.com,+60-16-8007-8813,password_126,True,2,,7
127,david27,david27131@outlook.com,+1-462-317-4137,password_127,True,3,"PSC 7130, Box 7005 APO AP 47084",
128,reynoldskaren,reynoldskaren179@outlook.com,+1-732-407-7142,password_128,True,4,,
129,kcollier,kcollier511@outlook.com,+49-126-110494,password_129,True,1,,
130,samantha19,samantha19880@yahoo.com,+60-11-8797-6581,password_130,False,2,,3
131,antoniofletcher,antoniofletcher987@hotmail.com,+49-154-760936,password_131,False,3,"277 Billy Harbor Suite 809 South Deanna, ME 03242",
132,katherine24,katherine24789@yahoo.com,+1-335-732-8542,password_132,False,4,,
133,newmansherry,newmansherry339@yahoo.com,+44-79237-075918,password_133,False,1,,
134,brendacarroll,brendacarroll149@yahoo.com,+44-76327-212187,password_134,False,2,,9
135,barrettalejandro,barrettalejandro25@gmail.com,+44-79052-115909,password_135,False,3,"4771 William Mews South Christinaburgh, FL 65621",
136,kelsey84,kelsey8462@outlook.com,+49-197-713429,password_136,False,4,,
137,iwhitaker,iwhitaker451@icloud.com,+44-76279-045915,password_137,True,1,,
138,ysmith,ysmith247@yahoo.com,+1-354-171-4612,password_138,False,2,,4
139,seth79,seth79815@outlook.com,+44-70944-795475,password_139,True,3,"8561 Robin Radial New Nichole, OK 84298",
140,helenharmon,helenharmon68@icloud.com,+1-634-888-3677,password_140,True,4,,
141,odixon,odixon783@gmail.com,+44-71524-286270,password_141,True,1,,
142,bmolina,bmolina54@hotmail.com,+49-136-446267,password_142,True,2,,2
143,paula22,paula22436@outlook.com,+91-98972-58169,password_143,False,3,"69722 Robinson Causeway New Jessicaville, CO 02108",
144,lori64,lori64646@hotmail.com,+49-131-002563,password_144,True,4,,
145,jamesdanielle,jamesdanielle482@icloud.com,+49-155-093426,password_145,True,1,,
146,francisrobert,francisrobert289@icloud.com,+44-73412-280192,password_146,False,2,,1
147,dfrazier,dfrazier790@gmail.com,+49-127-582616,password_147,True,3,"0871 Green Islands Kinghaven, NV 72487",
148,jennifer52,jennifer52137@hotmail.com,+91-91646-34957,password_148,False,4,,
149,johnsonalyssa,johnsonalyssa129@icloud.com,+1-340-214-0866,password_149,False,1,,
150,weberrobin,weberrobin778@gmail.com,+44-77405-331993,password_150,True,2,,9
151,xadkins,xadkins372@gmail.com,+60-11-2353-1910,password_151,True,3,"771 Pacheco Forest South Matthew, KS 25985",
152,tara99,tara99866@outlook.com,+44-74127-022843,password_152,False,4,,
153,iarias,iarias773@gmail.com,+91-99196-72892,password_153,True,1,,
154,simsnicholas,simsnicholas962@hotmail.com,+1-703-745-5759,password_154,False,2,,10
155,paynechristopher,paynechristopher508@icloud.com,+91-91076-55241,password_155,False,3,"PSC 6481, Box 9267 APO AA 54197",
156,brownchristopher,brownchristopher330@hotmail.com,+44-74434-241624,password_156,True,4,,
157,sean42,sean42471@hotmail.com,+60-14-3811-4902,password_157,False,1,,
158,karenguzman,karenguzman827@gmail.com,+49-177-315873,password_158,False,2,,7
159,gardnerjohn,gardnerjohn889@gmail.com,+60-17-8011-4181,password_159,True,3,"6951 Derrick Flat Apt. 093 Port Erika, MT 57093",
160,perezjennifer,perezjennifer466@outlook.com,+91-96184-54783,password_160,True,4,,
161,jessicabrown,jessicabrown353@yahoo.com,+1-688-959-5957,password_161,True,1,,
162,warrenstephanie,warrenstephanie227@gmail.com,+1-067-541-9113,password_162,True,2,,3
163,jessica90,jessica90624@icloud.com,+60-10-1267-6119,password_163,False,3,"226 Faulkner Ridges Petersville, KS 25314",
164,anthonypowers,anthonypowers332@hotmail.com,+60-17-4933-7571,password_164,False,4,,
165,gmccarthy,gmccarthy170@icloud.com,+1-224-627-1677,password_165,False,1,,
166,michelefoley,michelefoley912@yahoo.com,+91-93755-55234,password_166,False,2,,2
167,morristricia,morristricia715@hotmail.com,+49-158-056409,password_167,False,3,"147 William Landing East Chelsea, IL 24119",
168,mark01,mark01666@gmail.com,+60-12-4250-9566,password_168,False,4,,
169,clarkmark,clarkmark506@outlook.com,+91-96718-41217,password_169,False,1,,
170,mirandacummings,mirandacummings334@icloud.com,+44-72447-120826,password_170,False,2,,2
171,nhudson,nhudson749@gmail.com,+44-72524-399260,password_171,True,3,"1946 Trujillo Lakes New Adamstad, NY 99933",
172,tsalazar,tsalazar145@yahoo.com,+60-13-8461-8092,password_172,False,4,,
173,amy91,amy91594@icloud.com,+49-145-541007,password_173,True,1,,
174,glenn35,glenn3525@hotmail.com,+1-592-781-5155,password_174,True,2,,6
175,evansjacob,evansjacob736@gmail.com,+44-75284-722925,password_175,False,3,"7546 Patrick Plaza Suite 867 Kristenfurt, FM 08057",
176,crystal02,crystal02388@hotmail.com,+91-98253-38875,password_176,True,4,,
177,barneskelsey,barneskelsey356@icloud.com,+44-76680-301971,password_177,True,1,,
178,perrybrian,perrybrian519@hotmail.com,+91-96537-58878,password_178,True,2,,2
179,derrick71,derrick71179@yahoo.com,+60-11-5943-2259,password_179,False,3,"PSC 7462, Box 0111 APO AA 33349",
180,beth51,beth51209@hotmail.com,+1-757-644-4769,password_180,False,4,,
181,michellegallagher,michellegallagher614@icloud.com,+1-423-860-5430,password_181,True,1,,
182,gwatson,gwatson760@yahoo.com,+91-98778-09398,password_182,False,2,,5
183,craig09,craig09636@hotmail.com,+60-16-1783-4971,password_183,True,3,"195 Terry Keys Apt. 818 Davisbury, GA 32756",
184,bmiller,bmiller708@yahoo.com,+44-70032-929181,password_184,False,4,,
185,ccastro,ccastro684@gmail.com,+91-96026-63390,password_185,False,1,,
186,bowmanwilliam,bowmanwilliam906@hotmail.com,+44-78746-976683,password_186,False,2,,2
187,samantha39,samantha39174@gmail.com,+49-133-682535,password_187,True,3,"88976 Stephanie Villages Suite 403 West Amanda, ME 36971",
188,robertwood,robertwood645@outlook.com,+44-76237-495302,password_188,False,4,,
189,curtis01,curtis0122@hotmail.com,+91-91394-46539,password_189,True,1,,
190,mcgeeterrance,mcgeeterrance230@hotmail.com,+49-190-461044,password_190,True,2,,1
191,nray,nray984@icloud.com,+60-13-0446-9595,password_191,True,3,"8435 Phillip Trail Suite 160 Lake Edwardside, MA 96801",
192,ricechristopher,ricechristopher275@yahoo.com,+60-15-4334-6704,password_192,True,4,,
193,grobinson,grobinson604@gmail.com,+60-12-2405-3612,password_193,True,1,,
194,wrodriguez,wrodriguez416@icloud.com,+1-002-819-6703,password_194,True,2,,3
195,rebeccahartman,rebeccahartman247@hotmail.com,+1-099-711-9278,password_195,False,3,"0828 Deborah Divide Kevinview, RI 09794",
196,michaelmiles,michaelmiles572@gmail.com,+91-95091-90180,password_196,True,4,,
197,russelljonathan,russelljonathan60@yahoo.com,+49-175-852027,password_197,False,1,,
198,angela34,angela34332@outlook.com,+91-91710-37651,password_198,False,2,,3
199,cwiley,cwiley992@gmail.com,+60-18-9921-4964,password_199,False,3,"966 Montoya Mission New Trevor, KS 76475",
200,tinachase,tinachase355@hotmail.com,+60-19-9284-8281,password_200,True,4,,
